{"cameraMode":{"drawMode":0,"name":"Shaded","section":"Shading Mode"},"sceneLighting":true,"audioPlay":false,"sceneViewState":{"showFog":false,"showMaterialUpdate":true,"showSkybox":true,"showFlares":true,"showImageEffects":true,"showParticleSystems":true},"in2DMode":false,"pivot":{"x":69.42584991455078,"y":-15.462048530578614,"z":13.776144027709961},"rotation":{"x":0.08557348698377609,"y":0.5929912328720093,"z":-0.06357934325933457,"w":0.7981204986572266},"size":102.87672424316406,"orthographic":false}